titlu,pret_text,pret_numeric,an,kilometraj,link,imagini_urls,combustibil,transmisie,caroserie,marca,model,id_unic,data_scraping
Audi A4 2023 Avariat,16 300 €,16300.0,2023,180 000,https://www.olx.ro/d/oferta/audi-a4-2023-avariat-IDjOG9m.html,https://frankfurt.apollo.olxcdn.com:443/v1/files/dsi6h98vuln31-RO/image;s=1024x768;https://frankfurt.apollo.olxcdn.com:443/v1/files/p9rd2ijpjfnt3-RO/image;s=1024x768;https://frankfurt.apollo.olxcdn.com:443/v1/files/5fv9u5d6ltoc2-RO/image;s=1024x768;https://frankfurt.apollo.olxcdn.com:443/v1/files/xehvud9e7wif2-RO/image;s=1024x768;https://frankfurt.apollo.olxcdn.com:443/v1/files/a0qc40ojl2eb3-RO/image;s=1024x768,diesel,automatic,Berlina,Audi,A4,olx_jOG9m,2025-09-17T08:15:45.406968
Audi Q8 Impecabil,49 000 €,49000.0,2019,150 000,https://www.olx.ro/d/oferta/audi-q8-impecabil-IDjBjqm.html,https://frankfurt.apollo.olxcdn.com:443/v1/files/beamobdd46oz-RO/image;s=1600x1466;https://frankfurt.apollo.olxcdn.com:443/v1/files/h1w0369wjanj3-RO/image;s=1600x1095;https://frankfurt.apollo.olxcdn.com:443/v1/files/m4zfjhx0wyap2-RO/image;s=1600x1518;https://frankfurt.apollo.olxcdn.com:443/v1/files/odapcopwv8r32-RO/image;s=1600x1040;https://frankfurt.apollo.olxcdn.com:443/v1/files/1pbyfvaq3u731-RO/image;s=1600x1200,diesel,automatic,Coupe,Audi,Q8,olx_jBjqm,2025-09-17T08:16:19.371560
Audi Q3 Quattro S Tronic 2017 Unic Proprietar,"15 400 €
Prețul e negociabil",15400.0,2017,189 000,https://www.olx.ro/d/oferta/audi-q3-quattro-s-tronic-2017-unic-proprietar-IDjyNpB.html,https://frankfurt.apollo.olxcdn.com:443/v1/files/hl6l47klqebx1-RO/image;s=1000x750;https://frankfurt.apollo.olxcdn.com:443/v1/files/pw2osuewzjel-RO/image;s=1000x750;https://frankfurt.apollo.olxcdn.com:443/v1/files/yj62e5a32vir-RO/image;s=1000x750;https://frankfurt.apollo.olxcdn.com:443/v1/files/9uy8o7ahs1h71-RO/image;s=1000x750;https://frankfurt.apollo.olxcdn.com:443/v1/files/j44rlo3k7d3f2-RO/image;s=1000x750,diesel,automatic,SUV,Audi,Q3,olx_jyNpB,2025-09-17T08:16:27.054519
Audi A5 Quattro 252 Cp S Tronic 2019,18 500 €,18500.0,2019,166 000,https://www.olx.ro/d/oferta/audi-a5-quattro-252-cp-s-tronic-2019-IDjIgjn.html,https://frankfurt.apollo.olxcdn.com:443/v1/files/s11ujxa4enr53-RO/image;s=750x1000;https://frankfurt.apollo.olxcdn.com:443/v1/files/ja6vftaebr5d-RO/image;s=750x1000;https://frankfurt.apollo.olxcdn.com:443/v1/files/f3bezm5gpex2-RO/image;s=750x1000;https://frankfurt.apollo.olxcdn.com:443/v1/files/t75aja3ybdfl1-RO/image;s=750x1000;https://frankfurt.apollo.olxcdn.com:443/v1/files/v3f1h50dugtk2-RO/image;s=750x1000,petrol,automatic,Berlina,Audi,A5,olx_jIgjn,2025-09-17T08:16:41.486174
Audi A1 2018 Avariat Automat Masina Porneste,3 400 €,3400.0,2018,70 000,https://www.olx.ro/d/oferta/audi-a1-2018-avariat-automat-masina-porneste-IDjLKxM.html,https://frankfurt.apollo.olxcdn.com:443/v1/files/i59wk56h9jjb2-RO/image;s=946x2048;https://frankfurt.apollo.olxcdn.com:443/v1/files/4wocn2qamm0p1-RO/image;s=946x2048;https://frankfurt.apollo.olxcdn.com:443/v1/files/7qhwl1cwki3j1-RO/image;s=946x2048;https://frankfurt.apollo.olxcdn.com:443/v1/files/7adubjvhu8or2-RO/image;s=946x2048;https://frankfurt.apollo.olxcdn.com:443/v1/files/hi4khh99x29i-RO/image;s=946x2048,petrol,manual,Hatchback,Audi,A1,olx_jLKxM,2025-09-17T08:16:48.595177
Audi A6 S Line 2019,36 300 €,36300.0,2019,170 000,https://www.olx.ro/d/oferta/audi-a6-s-line-2019-IDjxSG8.html,https://frankfurt.apollo.olxcdn.com:443/v1/files/o1vxstdb4ri13-RO/image;s=1200x1600;https://frankfurt.apollo.olxcdn.com:443/v1/files/3sxgr2jxi23s2-RO/image;s=1600x1200;https://frankfurt.apollo.olxcdn.com:443/v1/files/wj8qpw9anhm1-RO/image;s=1200x1600;https://frankfurt.apollo.olxcdn.com:443/v1/files/1yw21mj47yu22-RO/image;s=1600x1200;https://frankfurt.apollo.olxcdn.com:443/v1/files/pr8wznp1d98x2-RO/image;s=1600x1200,diesel,N/A,Berlina,Audi,A6,olx_jxSG8,2025-09-17T08:16:54.641731
Vand Audi A8 2017 Impecabil,32 000 €,32000.0,2017,130 000,https://www.olx.ro/d/oferta/vand-audi-a8-2017-impecabil-IDjDY5X.html,https://frankfurt.apollo.olxcdn.com:443/v1/files/nj5r2uhnodfn3-RO/image;s=750x1000;https://frankfurt.apollo.olxcdn.com:443/v1/files/blmmwt24jehj-RO/image;s=750x1000;https://frankfurt.apollo.olxcdn.com:443/v1/files/sggla9iyf9yg-RO/image;s=750x1000;https://frankfurt.apollo.olxcdn.com:443/v1/files/hzdfttoq6tpy1-RO/image;s=750x1000;https://frankfurt.apollo.olxcdn.com:443/v1/files/svuzy94umt2m3-RO/image;s=750x1000,diesel,automatic,Berlina,Audi,A8,olx_jDY5X,2025-09-17T08:17:24.063511
2017 Audi A8 D4 Facelift 3 0 V6 Tdi 262 Cp,"27 900 €
Prețul e negociabil",27900.0,2017,132 300,https://www.olx.ro/d/oferta/2017-audi-a8-d4-facelift-3-0-v6-tdi-262-cp-IDjOCsK.html,https://frankfurt.apollo.olxcdn.com:443/v1/files/x3ku1wz31292-RO/image;s=1147x1227;https://frankfurt.apollo.olxcdn.com:443/v1/files/82r2y0h822uq2-RO/image;s=1600x1200;https://frankfurt.apollo.olxcdn.com:443/v1/files/tl9zbnix8vke3-RO/image;s=1600x1200;https://frankfurt.apollo.olxcdn.com:443/v1/files/0wb40nt4cy47-RO/image;s=1200x1600;https://frankfurt.apollo.olxcdn.com:443/v1/files/6zkvqahd3wsr1-RO/image;s=1600x1200,diesel,N/A,Berlina,Audi,A8,olx_jOCsK,2025-09-17T08:17:35.913362
Audi A5 Quattro 252 Cp S Tronic 2019,18 500 €,18500.0,2019,166 000,https://www.olx.ro/d/oferta/audi-a5-quattro-252-cp-s-tronic-2019-IDjIgjn.html,https://frankfurt.apollo.olxcdn.com:443/v1/files/s11ujxa4enr53-RO/image;s=750x1000;https://frankfurt.apollo.olxcdn.com:443/v1/files/ja6vftaebr5d-RO/image;s=750x1000;https://frankfurt.apollo.olxcdn.com:443/v1/files/f3bezm5gpex2-RO/image;s=750x1000;https://frankfurt.apollo.olxcdn.com:443/v1/files/t75aja3ybdfl1-RO/image;s=750x1000;https://frankfurt.apollo.olxcdn.com:443/v1/files/v3f1h50dugtk2-RO/image;s=750x1000,petrol,automatic,Berlina,Audi,A5,olx_jIgjn,2025-09-17T08:17:48.987557
Audi A7 50 Tfsie Hybrid,"40 000 €
Prețul e negociabil",40000.0,2021,107 000,https://www.olx.ro/d/oferta/audi-a7-50-tfsie-hybrid-IDjI0AH.html,https://frankfurt.apollo.olxcdn.com:443/v1/files/nnttbtkt33d53-RO/image;s=1600x1062;https://frankfurt.apollo.olxcdn.com:443/v1/files/kigdtzuydnye3-RO/image;s=1600x1062;https://frankfurt.apollo.olxcdn.com:443/v1/files/keapoj0k7vv4-RO/image;s=1600x1062;https://frankfurt.apollo.olxcdn.com:443/v1/files/4n2wo22kbj6k2-RO/image;s=1600x1062;https://frankfurt.apollo.olxcdn.com:443/v1/files/zfycorp5cgcj1-RO/image;s=1600x1062,hybrid,automatic,Hatchback,Audi,A7,olx_jI0AH,2025-09-17T08:18:03.714290
Vand Audi A6 50Tdi Matrix,45 000 €,45000.0,2020,30 500,https://www.olx.ro/d/oferta/vand-audi-a6-50tdi-matrix-IDjmb9I.html,https://frankfurt.apollo.olxcdn.com:443/v1/files/c5tgs3barymg1-RO/image;s=540x1170;https://frankfurt.apollo.olxcdn.com:443/v1/files/vdkswnl2magm1-RO/image;s=540x1170;https://frankfurt.apollo.olxcdn.com:443/v1/files/corktjhdsd4n3-RO/image;s=540x1170;https://frankfurt.apollo.olxcdn.com:443/v1/files/qy2hado4zefd1-RO/image;s=540x1170;https://frankfurt.apollo.olxcdn.com:443/v1/files/kokrpzff08u23-RO/image;s=540x1170,diesel,automatic,Berlina,Audi,A6,olx_jmb9I,2025-09-17T08:18:10.439440
Bmw G20 320D Xdrive 190 Cai Motor Nou,27 999 €,27999.0,2020,81 000,https://www.olx.ro/d/oferta/bmw-g20-320d-xdrive-190-cai-motor-nou-IDjGh7w.html,https://frankfurt.apollo.olxcdn.com:443/v1/files/e2tbp4o8mmfu3-RO/image;s=2000x1500;https://frankfurt.apollo.olxcdn.com:443/v1/files/41aj4r117ui91-RO/image;s=2000x1500;https://frankfurt.apollo.olxcdn.com:443/v1/files/vrf303h8j9rd-RO/image;s=1500x2000;https://frankfurt.apollo.olxcdn.com:443/v1/files/8e65hvt5rxep2-RO/image;s=1500x2000;https://frankfurt.apollo.olxcdn.com:443/v1/files/1c4rb56nxb7q1-RO/image;s=2000x1500,diesel,automatic,Berlina,BMW,Unknown,olx_jGh7w,2025-09-17T08:19:59.043786
Bmw M5 F90 Marina Bay Blue,53 900 €,53900.0,2017,67 000,https://www.olx.ro/d/oferta/bmw-m5-f90-marina-bay-blue-IDjrshk.html,https://frankfurt.apollo.olxcdn.com:443/v1/files/d7mprtt3b6zl1-RO/image;s=2000x2667;https://frankfurt.apollo.olxcdn.com:443/v1/files/r7bjri2d8f811-RO/image;s=2000x2667;https://frankfurt.apollo.olxcdn.com:443/v1/files/oz0krcqtdtps3-RO/image;s=2000x2667;https://frankfurt.apollo.olxcdn.com:443/v1/files/uqwit9tuse582-RO/image;s=2000x2667;https://frankfurt.apollo.olxcdn.com:443/v1/files/1gddq58edvse3-RO/image;s=2000x2667,petrol,automatic,Berlina,BMW,M5,olx_jrshk,2025-09-17T08:20:12.571266
Bmw Seria 750 Ld Xdrive Echipata Full,"28 400 €
Prețul e negociabil",28400.0,2018,155 000,https://www.olx.ro/d/oferta/bmw-seria-750-ld-xdrive-echipata-full-IDjhIlJ.html,https://frankfurt.apollo.olxcdn.com:443/v1/files/bsrf2ohxch4q2-RO/image;s=1813x1360;https://frankfurt.apollo.olxcdn.com:443/v1/files/l5j4xu1e5lob2-RO/image;s=1813x1360;https://frankfurt.apollo.olxcdn.com:443/v1/files/bomxtrcdnit3-RO/image;s=1813x1360;https://frankfurt.apollo.olxcdn.com:443/v1/files/vo4kfjhmrlcc2-RO/image;s=1813x1360;https://frankfurt.apollo.olxcdn.com:443/v1/files/5x2gurjwvx6u3-RO/image;s=1813x1360,diesel,automatic,Berlina,BMW,Seria 7,olx_jhIlJ,2025-09-17T08:20:25.739821
Vand Bmw X4 M40I,"34 600 €
Prețul e negociabil",34600.0,2019,190 000,https://www.olx.ro/d/oferta/vand-bmw-x4-m40i-IDjLyXf.html,https://frankfurt.apollo.olxcdn.com:443/v1/files/3hr51uuuud5a-RO/image;s=1000x563;https://frankfurt.apollo.olxcdn.com:443/v1/files/whrhes6ilho11-RO/image;s=1000x563;https://frankfurt.apollo.olxcdn.com:443/v1/files/ux9oprg0bpzb-RO/image;s=1000x563;https://frankfurt.apollo.olxcdn.com:443/v1/files/o3kqf3whd2392-RO/image;s=1000x750;https://frankfurt.apollo.olxcdn.com:443/v1/files/qwbkst247ed52-RO/image;s=1000x563,petrol,automatic,SUV,BMW,M4,olx_jLyXf,2025-09-17T08:20:33.553226
Bmw Seria 7 730D Xdrive G11 M Pack Carbon Core 265 Cp,27 060 €,27060.0,2017,182 800,https://www.olx.ro/d/oferta/bmw-seria-7-730d-xdrive-g11-m-pack-carbon-core-265-cp-IDjL19X.html,https://frankfurt.apollo.olxcdn.com:443/v1/files/yazll9yjvptu2-RO/image;s=1000x749;https://frankfurt.apollo.olxcdn.com:443/v1/files/v6sn1ii2q1sg1-RO/image;s=1000x582;https://frankfurt.apollo.olxcdn.com:443/v1/files/u6sj50pa4m3t3-RO/image;s=1000x679;https://frankfurt.apollo.olxcdn.com:443/v1/files/r2rjcu0t4uzw-RO/image;s=1000x687;https://frankfurt.apollo.olxcdn.com:443/v1/files/nibx97sbo2na2-RO/image;s=1000x750,diesel,automatic,"//schema.org/UsedCondition""}}",BMW,Seria 7,olx_jL19X,2025-09-17T08:20:47.772842
Bmw 530 Xdrive 265 Cv Impecabil,25 000 €,25000.0,2017,210,https://www.olx.ro/d/oferta/bmw-530-xdrive-265-cv-impecabil-IDjOBUD.html,https://frankfurt.apollo.olxcdn.com:443/v1/files/y8zo61l37fbf-RO/image;s=1000x750;https://frankfurt.apollo.olxcdn.com:443/v1/files/lyl9f3uicvp03-RO/image;s=1000x750;https://frankfurt.apollo.olxcdn.com:443/v1/files/exqn57httrhb-RO/image;s=1000x750;https://frankfurt.apollo.olxcdn.com:443/v1/files/tt85fnw1981u2-RO/image;s=1000x750;https://frankfurt.apollo.olxcdn.com:443/v1/files/a25popifkwqp2-RO/image;s=1000x750,diesel,automatic,Berlina,BMW,Unknown,olx_jOBUD,2025-09-17T08:21:01.774335
Bmw X4 Pachet M 2017,"23 500 €
Prețul e negociabil",23500.0,2017,120 000,https://www.olx.ro/d/oferta/bmw-x4-pachet-m-2017-IDiLOOd.html,https://frankfurt.apollo.olxcdn.com:443/v1/files/lreecnvqnmnb1-RO/image;s=3000x4000;https://frankfurt.apollo.olxcdn.com:443/v1/files/xq7siio0ek4g2-RO/image;s=3000x4000;https://frankfurt.apollo.olxcdn.com:443/v1/files/0ypy1hbrxl9m1-RO/image;s=3000x4000;https://frankfurt.apollo.olxcdn.com:443/v1/files/sk3244ifitza-RO/image;s=3000x4000;https://frankfurt.apollo.olxcdn.com:443/v1/files/rq8524xl6w23-RO/image;s=3000x4000,diesel,automatic,"//schema.org/UsedCondition""}}",BMW,X4,olx_iLOOd,2025-09-17T08:21:15.794610
Bmw X1 X Line 1 6Ds Drive Euro6D Manual6 1 An 2018Inmatriculata,13 990 €,13990.0,2018,175 000,https://www.olx.ro/d/oferta/bmw-x1-x-line-1-6ds-drive-euro6d-manual6-1-an-2018inmatriculata-IDjjOo7.html,https://frankfurt.apollo.olxcdn.com:443/v1/files/a1ropl2j70j32-RO/image;s=1156x521;https://frankfurt.apollo.olxcdn.com:443/v1/files/8efdklh9qwnx-RO/image;s=1156x521;https://frankfurt.apollo.olxcdn.com:443/v1/files/mg57jtubinpa1-RO/image;s=1156x521;https://frankfurt.apollo.olxcdn.com:443/v1/files/gft0h6xn1mnd3-RO/image;s=1156x521;https://frankfurt.apollo.olxcdn.com:443/v1/files/a8gwphf87sso2-RO/image;s=1156x521,diesel,manual,"//schema.org/UsedCondition""}}",BMW,X1,olx_jjOo7,2025-09-17T08:21:38.124509
Bmw Seria 1 Bmw 118I M Pack Automata Piele Impecabila,13 999 €,13999.0,2018,199 580,https://www.olx.ro/d/oferta/bmw-seria-1-bmw-118i-m-pack-automata-piele-impecabila-IDjkytg.html,https://frankfurt.apollo.olxcdn.com:443/v1/files/2pfr1ie2pmwm2-RO/image;s=1813x1360;https://frankfurt.apollo.olxcdn.com:443/v1/files/qhdfk8wi2mbt-RO/image;s=1813x1360;https://frankfurt.apollo.olxcdn.com:443/v1/files/59xmj5ete20s-RO/image;s=1813x1360;https://frankfurt.apollo.olxcdn.com:443/v1/files/4ki7s9ujo40n2-RO/image;s=1020x1360;https://frankfurt.apollo.olxcdn.com:443/v1/files/3lypsp0h80m53-RO/image;s=1020x1360,petrol,automatic,Hatchback,BMW,Seria 1,olx_jkytg,2025-09-17T08:21:45.822905
Bmw 330I Xdrive,"32 999 €
Prețul e negociabil",32999.0,2022,87 643,https://www.olx.ro/d/oferta/bmw-330i-xdrive-IDjzIUu.html,https://frankfurt.apollo.olxcdn.com:443/v1/files/eliivi0a25an1-RO/image;s=1000x599;https://frankfurt.apollo.olxcdn.com:443/v1/files/c829cw2zu0ek2-RO/image;s=1000x746;https://frankfurt.apollo.olxcdn.com:443/v1/files/yo6v5786un7i3-RO/image;s=1000x590;https://frankfurt.apollo.olxcdn.com:443/v1/files/ipqv7ryhe0wg3-RO/image;s=1000x667;https://frankfurt.apollo.olxcdn.com:443/v1/files/x76207qhzede-RO/image;s=1000x667,petrol,automatic,Hatchback,BMW,Unknown,olx_jzIUu,2025-09-17T08:21:52.860753
Bmw 840I M 2021 70 000Km 0 Daune,50 000 €,50000.0,2021,70 000,https://www.olx.ro/d/oferta/bmw-840i-m-2021-70-000km-0-daune-IDjDZcX.html,https://frankfurt.apollo.olxcdn.com:443/v1/files/toqvcr0ps1mt-RO/image;s=1008x756;https://frankfurt.apollo.olxcdn.com:443/v1/files/uiouh2db5qyq3-RO/image;s=1008x756;https://frankfurt.apollo.olxcdn.com:443/v1/files/kxr73c0uzijp2-RO/image;s=1008x756;https://frankfurt.apollo.olxcdn.com:443/v1/files/iey9tbpva8hf1-RO/image;s=1008x756;https://frankfurt.apollo.olxcdn.com:443/v1/files/o21y88esqkgp2-RO/image;s=1000x750,petrol,automatic,Berlina,BMW,Unknown,olx_jDZcX,2025-09-17T08:21:59.412032
Bmw 520 I M Pachet,"22 999 €
Prețul e negociabil",22999.0,2019,159 000,https://www.olx.ro/d/oferta/bmw-520-i-m-pachet-IDjFgXw.html,https://frankfurt.apollo.olxcdn.com:443/v1/files/vphy6j3hwawg1-RO/image;s=1000x750;https://frankfurt.apollo.olxcdn.com:443/v1/files/l61x9n4sqham3-RO/image;s=1000x750;https://frankfurt.apollo.olxcdn.com:443/v1/files/11zyatrz8x2u1-RO/image;s=1000x750;https://frankfurt.apollo.olxcdn.com:443/v1/files/ei4h2dhf7mix2-RO/image;s=1000x750;https://frankfurt.apollo.olxcdn.com:443/v1/files/xwbnj7m4t8ha1-RO/image;s=1000x750,petrol,automatic,Berlina,BMW,Unknown,olx_jFgXw,2025-09-17T08:22:12.617892
Bmw X5 2022 Mildhibrid,58 000 €,58000.0,2022,88 800,https://www.olx.ro/d/oferta/bmw-x5-2022-mildhibrid-IDjODmA.html,https://frankfurt.apollo.olxcdn.com:443/v1/files/ock61lhtynwg3-RO/image;s=2000x1500;https://frankfurt.apollo.olxcdn.com:443/v1/files/g2d9l6vo8yc02-RO/image;s=2000x1500;https://frankfurt.apollo.olxcdn.com:443/v1/files/fnp9xecq1a1l2-RO/image;s=1500x2000;https://frankfurt.apollo.olxcdn.com:443/v1/files/2thco73r3zqm1-RO/image;s=1500x2000;https://frankfurt.apollo.olxcdn.com:443/v1/files/fcwkgocgxlbr2-RO/image;s=2000x1500,diesel,automatic,SUV,BMW,X5,olx_jODmA,2025-09-17T08:22:53.865353
Bmw X3 M Interior Exterior 3 0 Diesel 265 Cp,"25 900 €
Prețul e negociabil",25900.0,2018,179 000,https://www.olx.ro/d/oferta/bmw-x3-m-interior-exterior-3-0-diesel-265-cp-IDjJO1X.html,https://frankfurt.apollo.olxcdn.com:443/v1/files/ghmnp2x263j32-RO/image;s=1000x750;https://frankfurt.apollo.olxcdn.com:443/v1/files/ap47p4xf6oxs1-RO/image;s=1000x750;https://frankfurt.apollo.olxcdn.com:443/v1/files/75d9qwdfh73x-RO/image;s=1000x750;https://frankfurt.apollo.olxcdn.com:443/v1/files/h3gv0118gg54-RO/image;s=1000x750;https://frankfurt.apollo.olxcdn.com:443/v1/files/ixoectiplpe83-RO/image;s=1000x750,diesel,automatic,SUV,BMW,X3,olx_jJO1X,2025-09-17T08:23:01.012793
Bmw Seria 5 Xdrive Ventilatiehead Upledtrapacamere360H K 30D,23 000 €,23000.0,2017,190 620,https://www.olx.ro/d/oferta/bmw-seria-5-xdrive-ventilatiehead-upledtrapacamere360h-k-30d-IDjFFtg.html,https://frankfurt.apollo.olxcdn.com:443/v1/files/5neb4h6xfdcg-RO/image;s=1000x668;https://frankfurt.apollo.olxcdn.com:443/v1/files/q3sonh14fpxy1-RO/image;s=1000x668;https://frankfurt.apollo.olxcdn.com:443/v1/files/d27dttis6mwv3-RO/image;s=1000x668;https://frankfurt.apollo.olxcdn.com:443/v1/files/6k1j8zxw3ms7-RO/image;s=1000x668;https://frankfurt.apollo.olxcdn.com:443/v1/files/cuek3cbx5dsc3-RO/image;s=1000x668,diesel,automatic,Berlina,BMW,Seria 5,olx_jFFtg,2025-09-17T08:23:16.091184
Bmw Seria 1 1 5 Diesel 2017 Euro 6,8 350 €,8350.0,2017,131 000,https://www.olx.ro/d/oferta/bmw-seria-1-1-5-diesel-2017-euro-6-IDjNFvI.html,https://frankfurt.apollo.olxcdn.com:443/v1/files/rlui9mu26ft21-RO/image;s=2000x1126;https://frankfurt.apollo.olxcdn.com:443/v1/files/4d5lyscprxud1-RO/image;s=2000x1126;https://frankfurt.apollo.olxcdn.com:443/v1/files/0n52jn15w2s72-RO/image;s=2000x1126;https://frankfurt.apollo.olxcdn.com:443/v1/files/arjhgihotonc-RO/image;s=2000x1126;https://frankfurt.apollo.olxcdn.com:443/v1/files/e29qcz4hmmtb1-RO/image;s=2000x1126,diesel,manual,Hatchback,BMW,Seria 1,olx_jNFvI,2025-09-17T08:23:29.374601
Bmw X5 M50I 530Cp Garantie Bmw Factura Tva,48 200 €,48200.0,2021,139 600,https://www.olx.ro/d/oferta/bmw-x5-m50i-530cp-garantie-bmw-factura-tva-IDjvkHe.html,https://frankfurt.apollo.olxcdn.com:443/v1/files/wmaw5t9ubpvn3-RO/image;s=2000x1500;https://frankfurt.apollo.olxcdn.com:443/v1/files/k9zzzmky4m9l1-RO/image;s=2000x1500;https://frankfurt.apollo.olxcdn.com:443/v1/files/vy72tibnd6vn2-RO/image;s=2000x1500;https://frankfurt.apollo.olxcdn.com:443/v1/files/af6m7q0fr1jz2-RO/image;s=2000x1500;https://frankfurt.apollo.olxcdn.com:443/v1/files/6zsziiwzf56k3-RO/image;s=2000x1500,petrol,automatic,SUV,BMW,M5,olx_jvkHe,2025-09-17T08:23:36.760521
Bmw X3 2 0D 2017,18 000 €,18000.0,2017,191 452,https://www.olx.ro/d/oferta/bmw-x3-2-0d-2017-IDjGSNV.html,https://frankfurt.apollo.olxcdn.com:443/v1/files/m5v48xdbpsus1-RO/image;s=1156x867;https://frankfurt.apollo.olxcdn.com:443/v1/files/azf0v105hxnv3-RO/image;s=1156x867;https://frankfurt.apollo.olxcdn.com:443/v1/files/y2h646goe2q91-RO/image;s=867x1156;https://frankfurt.apollo.olxcdn.com:443/v1/files/grukgxx2kh0p2-RO/image;s=1156x867;https://frankfurt.apollo.olxcdn.com:443/v1/files/5ymoro0cq9sx-RO/image;s=1156x867,diesel,automatic,SUV,BMW,X3,olx_jGSNV,2025-09-17T08:23:43.117451
Bmw G20 Pachet M Interior Exterior X Drive Factura,30 200 €,30200.0,2020,80 000,https://www.olx.ro/d/oferta/bmw-g20-pachet-m-interior-exterior-x-drive-factura-IDjOCrB.html,https://frankfurt.apollo.olxcdn.com:443/v1/files/erhgz9p93c9i-RO/image;s=750x1000;https://frankfurt.apollo.olxcdn.com:443/v1/files/zgvpr7so64iq2-RO/image;s=1000x750;https://frankfurt.apollo.olxcdn.com:443/v1/files/8t6ieap52ck52-RO/image;s=1000x750;https://frankfurt.apollo.olxcdn.com:443/v1/files/ghc46vqgwwrk2-RO/image;s=1000x750;https://frankfurt.apollo.olxcdn.com:443/v1/files/qfyjtro6uevw2-RO/image;s=1000x750,diesel,automatic,Berlina,BMW,Unknown,olx_jOCrB,2025-09-17T08:24:04.900204
Bmw X3 3 0 Diesel 265 Cp M Pachet Xdrive,25 000 €,25000.0,2018,190 000,https://www.olx.ro/d/oferta/bmw-x3-3-0-diesel-265-cp-m-pachet-xdrive-IDjOCqN.html,https://frankfurt.apollo.olxcdn.com:443/v1/files/d4u0bey70qcp-RO/image;s=1000x750;https://frankfurt.apollo.olxcdn.com:443/v1/files/wwdtma78unb93-RO/image;s=1000x750;https://frankfurt.apollo.olxcdn.com:443/v1/files/upw11u4zkj54-RO/image;s=1000x1000;https://frankfurt.apollo.olxcdn.com:443/v1/files/huxboue49jl91-RO/image;s=1000x1000;https://frankfurt.apollo.olxcdn.com:443/v1/files/2nd8o53xsm9r3-RO/image;s=1000x750,diesel,automatic,SUV,BMW,X3,olx_jOCqN,2025-09-17T08:24:12.236875
Bmw Seria 5 G30 520 Xdrive Luxury Headup,"25 550 €
Prețul e negociabil",25550.0,7042,167 000,https://www.olx.ro/d/oferta/bmw-seria-5-g30-520-xdrive-luxury-headup-IDjN30h.html,https://frankfurt.apollo.olxcdn.com:443/v1/files/uxqg17oqxzub-RO/image;s=2193x1645;https://frankfurt.apollo.olxcdn.com:443/v1/files/e97aajslsg2n3-RO/image;s=2193x1645;https://frankfurt.apollo.olxcdn.com:443/v1/files/wld7qxs3bj1p2-RO/image;s=2320x1556;https://frankfurt.apollo.olxcdn.com:443/v1/files/55vzgrwec7042-RO/image;s=2420x1490;https://frankfurt.apollo.olxcdn.com:443/v1/files/z0lys7tl6c8i2-RO/image;s=4284x5712,diesel,automatic,Berlina,BMW,Seria 5,olx_jN30h,2025-09-17T08:24:27.214869
Bmw X5 X Drive 2019 165 000 Km Reali Proprietar,44 500 €,44500.0,2019,165 000,https://www.olx.ro/d/oferta/bmw-x5-x-drive-2019-165-000-km-reali-proprietar-IDjOBid.html,https://frankfurt.apollo.olxcdn.com:443/v1/files/6ildivbi4e681-RO/image;s=1000x750;https://frankfurt.apollo.olxcdn.com:443/v1/files/b8td1idd1k4o3-RO/image;s=1000x750;https://frankfurt.apollo.olxcdn.com:443/v1/files/detxjcfn4pbs3-RO/image;s=1000x750;https://frankfurt.apollo.olxcdn.com:443/v1/files/gisv5wdycu632-RO/image;s=1000x750;https://frankfurt.apollo.olxcdn.com:443/v1/files/xu57gkntpcrl3-RO/image;s=1000x750,diesel,automatic,SUV,BMW,X5,olx_jOBid,2025-09-17T08:24:35.485238
Mercedes Benz Glc Coupe 220D 4Matic Amg Line,68 000 €,68000.0,2025,9 500,https://www.olx.ro/d/oferta/mercedes-benz-glc-coupe-220d-4matic-amg-line-IDjMW8T.html,https://frankfurt.apollo.olxcdn.com:443/v1/files/ztj77508xh1u2-RO/image;s=1000x750;https://frankfurt.apollo.olxcdn.com:443/v1/files/d9g76ggxrjnp-RO/image;s=1000x750;https://frankfurt.apollo.olxcdn.com:443/v1/files/vbvyibnh47vh1-RO/image;s=1000x750;https://frankfurt.apollo.olxcdn.com:443/v1/files/7bnazjse4zu6-RO/image;s=1000x760;https://frankfurt.apollo.olxcdn.com:443/v1/files/qow8d3sleu373-RO/image;s=1000x750,diesel,automatic,SUV,MG,Unknown,olx_jMW8T,2025-09-17T08:25:15.701591
Mercedes Benz Cls Amg 350D 4 Matic Burmeister3D 360 Keyless,"34 500 €
Prețul e negociabil",34500.0,2018,190 000,https://www.olx.ro/d/oferta/mercedes-benz-cls-amg-350d-4-matic-burmeister3d-360-keyless-IDjJKw9.html,https://frankfurt.apollo.olxcdn.com:443/v1/files/rde58cuoxtgz1-RO/image;s=1600x1200;https://frankfurt.apollo.olxcdn.com:443/v1/files/otqj9yoe9l2w1-RO/image;s=540x1170;https://frankfurt.apollo.olxcdn.com:443/v1/files/0tbbnuo4hurl2-RO/image;s=1600x1200;https://frankfurt.apollo.olxcdn.com:443/v1/files/drxbf29ord8c2-RO/image;s=540x1170;https://frankfurt.apollo.olxcdn.com:443/v1/files/scfgym3q73e82-RO/image;s=1600x1200,diesel,automatic,Coupe,MG,Unknown,olx_jJKw9,2025-09-17T08:25:51.218937
Mercedes Gle Coupe 53 Amg 4Matic Plus,71 800 €,71800.0,2023,147 500,https://www.olx.ro/d/oferta/mercedes-gle-coupe-53-amg-4matic-plus-IDjNgPD.html,https://frankfurt.apollo.olxcdn.com:443/v1/files/a2x9341v2tof2-RO/image;s=912x1000;https://frankfurt.apollo.olxcdn.com:443/v1/files/41ounr95skjo1-RO/image;s=1000x750;https://frankfurt.apollo.olxcdn.com:443/v1/files/khoz1durzu7v2-RO/image;s=1000x685;https://frankfurt.apollo.olxcdn.com:443/v1/files/ldf00dswrb2j-RO/image;s=922x907;https://frankfurt.apollo.olxcdn.com:443/v1/files/krlbqw9wavve2-RO/image;s=887x886,petrol,automatic,SUV,MG,Unknown,olx_jNgPD,2025-09-17T08:25:57.507060
Mercedes Cla200 Benzina,16 500 €,16500.0,2017,64 000,https://www.olx.ro/d/oferta/mercedes-cla200-benzina-IDjxmDF.html,https://frankfurt.apollo.olxcdn.com:443/v1/files/i98n35m4wtjf3-RO/image;s=1736x1736;https://frankfurt.apollo.olxcdn.com:443/v1/files/f1gnwodu1ykl3-RO/image;s=1736x1736;https://frankfurt.apollo.olxcdn.com:443/v1/files/skothdc5pzyu2-RO/image;s=1736x1736;https://frankfurt.apollo.olxcdn.com:443/v1/files/0lr3zhgei6zy2-RO/image;s=1736x1736;https://frankfurt.apollo.olxcdn.com:443/v1/files/pgdk79unntqb3-RO/image;s=1736x1736,petrol,automatic,Berlina,Unknown,Unknown,olx_jxmDF,2025-09-17T08:26:12.101504
Mercedes Benz Gla,21 999 €,21999.0,2017,88 000,https://www.olx.ro/d/oferta/mercedes-benz-gla-IDjx38o.html,https://frankfurt.apollo.olxcdn.com:443/v1/files/dgkt9qulb54e1-RO/image;s=1813x1360;https://frankfurt.apollo.olxcdn.com:443/v1/files/ptpfm8mq0zhi3-RO/image;s=1813x1360;https://frankfurt.apollo.olxcdn.com:443/v1/files/oyby5d8fjp653-RO/image;s=1020x1360;https://frankfurt.apollo.olxcdn.com:443/v1/files/4r8umhwp0rzs2-RO/image;s=1813x1360;https://frankfurt.apollo.olxcdn.com:443/v1/files/6hwfkwxlkfb52-RO/image;s=1813x1360,diesel,automatic,SUV,Unknown,Unknown,olx_jx38o,2025-09-17T08:26:32.719960
Mercedes Glc 250,10 500 €,10500.0,2019,61 000,https://www.olx.ro/d/oferta/mercedes-glc-250-IDjODoN.html,https://frankfurt.apollo.olxcdn.com:443/v1/files/3owho449qlam1-RO/image;s=1020x1356;https://frankfurt.apollo.olxcdn.com:443/v1/files/lipwaycpf6a21-RO/image;s=1080x1148;https://frankfurt.apollo.olxcdn.com:443/v1/files/7pz9l7oyc2kp-RO/image;s=1625x1056;https://frankfurt.apollo.olxcdn.com:443/v1/files/rtmesjg2lilu3-RO/image;s=1920x1536;https://frankfurt.apollo.olxcdn.com:443/v1/files/em741ocib2ha3-RO/image;s=1920x1536,petrol,automatic,SUV,Unknown,Unknown,olx_jODoN,2025-09-17T08:27:06.657324
Mercedes Benz A35 Amg 2019 4Matic 4X4 306 Cp Euro 6D Panoramic,"30 500 €
Prețul e negociabil",30500.0,2019,55 129,https://www.olx.ro/d/oferta/mercedes-benz-a35-amg-2019-4matic-4x4-306-cp-euro-6d-panoramic-IDjF864.html,https://frankfurt.apollo.olxcdn.com:443/v1/files/aiba9b75i4c53-RO/image;s=750x1000;https://frankfurt.apollo.olxcdn.com:443/v1/files/gli6p5oisik63-RO/image;s=3840x5120;https://frankfurt.apollo.olxcdn.com:443/v1/files/3nwzanaozlze1-RO/image;s=3840x5120;https://frankfurt.apollo.olxcdn.com:443/v1/files/93x953kr16d31-RO/image;s=4032x3024;https://frankfurt.apollo.olxcdn.com:443/v1/files/kzm9lxatesvu-RO/image;s=4032x3024,petrol,automatic,Hatchback,MG,Unknown,olx_jF864,2025-09-17T08:27:32.438492
Mercedes Gle 350,"27 500 €
Prețul e negociabil",27500.0,2017,194 000,https://www.olx.ro/d/oferta/mercedes-gle-350-IDjIAOt.html,https://frankfurt.apollo.olxcdn.com:443/v1/files/7fx2cx9abomi3-RO/image;s=1170x2532;https://frankfurt.apollo.olxcdn.com:443/v1/files/e7fx8djcquhp3-RO/image;s=3024x4032;https://frankfurt.apollo.olxcdn.com:443/v1/files/jcwbezg867ho3-RO/image;s=1170x2532;https://frankfurt.apollo.olxcdn.com:443/v1/files/8k6btztar2vr3-RO/image;s=1170x2532;https://frankfurt.apollo.olxcdn.com:443/v1/files/nq4kmarv5fh61-RO/image;s=3024x4032,diesel,automatic,SUV,Unknown,Unknown,olx_jIAOt,2025-09-17T08:27:45.944505
Mercedes Benz E 300De 306 Cp Plung In Hybrid Camera Distronic,"29 900 €
Prețul e negociabil",29900.0,2020,157 000,https://www.olx.ro/d/oferta/mercedes-benz-e-300de-306-cp-plung-in-hybrid-camera-distronic-IDjOCz6.html,https://frankfurt.apollo.olxcdn.com:443/v1/files/vn0dj59ss94s2-RO/image;s=1800x1500;https://frankfurt.apollo.olxcdn.com:443/v1/files/3331xg5sze9i1-RO/image;s=1800x1500;https://frankfurt.apollo.olxcdn.com:443/v1/files/jkv2l0guee0l3-RO/image;s=1500x1800;https://frankfurt.apollo.olxcdn.com:443/v1/files/jz7rneod1dic3-RO/image;s=1500x1800;https://frankfurt.apollo.olxcdn.com:443/v1/files/4fv6pa8ysx223-RO/image;s=1800x1500,diesel,automatic,Berlina,Unknown,Unknown,olx_jOCz6,2025-09-17T08:28:06.714830
Mercedes Benz Gle 350 D 4Matic 9G Tronic Amg Line,46 000 €,46000.0,2019,126 603,https://www.olx.ro/d/oferta/mercedes-benz-gle-350-d-4matic-9g-tronic-amg-line-IDjDk0Q.html,https://frankfurt.apollo.olxcdn.com:443/v1/files/totkadohn79i3-RO/image;s=4080x3060;https://frankfurt.apollo.olxcdn.com:443/v1/files/i6xtgjwoml5h-RO/image;s=3875x2906;https://frankfurt.apollo.olxcdn.com:443/v1/files/oeei50uzg8ps-RO/image;s=4080x3060;https://frankfurt.apollo.olxcdn.com:443/v1/files/mlbchs9dsxis-RO/image;s=3988x2977;https://frankfurt.apollo.olxcdn.com:443/v1/files/og9gswrgutkd1-RO/image;s=4080x3060,diesel,automatic,SUV,MG,Unknown,olx_jDk0Q,2025-09-17T08:28:35.921965
Mercedes Clasa A Hatchback 2020 80 100Km Mercedes Certified,20 500 €,20500.0,2020,80.100,https://www.olx.ro/d/oferta/mercedes-clasa-a-hatchback-2020-80-100km-mercedes-certified-IDjvjWi.html,https://frankfurt.apollo.olxcdn.com:443/v1/files/jqwd3k881nu12-RO/image;s=1000x750;https://frankfurt.apollo.olxcdn.com:443/v1/files/qtfjhxyjnwee2-RO/image;s=1000x750;https://frankfurt.apollo.olxcdn.com:443/v1/files/7o6xxwjdx97n3-RO/image;s=1000x750;https://frankfurt.apollo.olxcdn.com:443/v1/files/v0121oojm7471-RO/image;s=1000x750;https://frankfurt.apollo.olxcdn.com:443/v1/files/9qfv3h0efb7b1-RO/image;s=1000x750,petrol,automatic,"//schema.org/UsedCondition""}}",Unknown,Unknown,olx_jvjWi,2025-09-17T08:28:43.984510
Mercedes Amg A200 Automat 8 1 150 Cp,"17 800 €
Prețul e negociabil",17800.0,2019,195 000,https://www.olx.ro/d/oferta/mercedes-amg-a200-automat-8-1-150-cp-IDjdVlo.html,https://frankfurt.apollo.olxcdn.com:443/v1/files/d15jg0bo2y6c1-RO/image;s=750x1000;https://frankfurt.apollo.olxcdn.com:443/v1/files/cl2u4yib6bwv3-RO/image;s=750x1000;https://frankfurt.apollo.olxcdn.com:443/v1/files/6ej4hh9drl9t1-RO/image;s=750x1000;https://frankfurt.apollo.olxcdn.com:443/v1/files/qqk6yywn5tdw2-RO/image;s=750x1000;https://frankfurt.apollo.olxcdn.com:443/v1/files/fq95hdy8cvn22-RO/image;s=750x1000,diesel,automatic,Hatchback,MG,Unknown,olx_jdVlo,2025-09-17T08:28:49.907055
Mercedes S500 Amg 4 7 Benzina 470 Cp 4 Matic An 2018 Extra Full,47 500 €,47500.0,2018,157 000,https://www.olx.ro/d/oferta/mercedes-s500-amg-4-7-benzina-470-cp-4-matic-an-2018-extra-full-IDjO1MF.html,https://frankfurt.apollo.olxcdn.com:443/v1/files/hxmdgvhrwcso3-RO/image;s=2000x1500;https://frankfurt.apollo.olxcdn.com:443/v1/files/c10qlc6puj3i3-RO/image;s=2000x1500;https://frankfurt.apollo.olxcdn.com:443/v1/files/ec0friuhqtgx-RO/image;s=2000x1500;https://frankfurt.apollo.olxcdn.com:443/v1/files/ki55tkzk6z6s-RO/image;s=2000x1500;https://frankfurt.apollo.olxcdn.com:443/v1/files/s56szpkrktys1-RO/image;s=2000x1500,petrol,automatic,Coupe,MG,Unknown,olx_jO1MF,2025-09-17T08:29:16.798021
Mercedes E43 Amg 4Matic,40 000 €,40000.0,2017,123 000,https://www.olx.ro/d/oferta/mercedes-e43-amg-4matic-IDjMRkP.html,https://frankfurt.apollo.olxcdn.com:443/v1/files/9e91ggz3secl3-RO/image;s=1000x750;https://frankfurt.apollo.olxcdn.com:443/v1/files/bz9wwwh7znyy-RO/image;s=1000x750;https://frankfurt.apollo.olxcdn.com:443/v1/files/udsifju1ayo13-RO/image;s=1000x750;https://frankfurt.apollo.olxcdn.com:443/v1/files/kssm0a0ij4v42-RO/image;s=1000x750;https://frankfurt.apollo.olxcdn.com:443/v1/files/93c7v9zfkhiu1-RO/image;s=1000x750,petrol,automatic,Berlina,MG,Unknown,olx_jMRkP,2025-09-17T08:29:24.290378
Vamd Mercedes Benz Gla 250,"19 500 €
Prețul e negociabil",19500.0,2018,115 000,https://www.olx.ro/d/oferta/vamd-mercedes-benz-gla-250-IDjxhVl.html,https://frankfurt.apollo.olxcdn.com:443/v1/files/iyjnvd75n1v41-RO/image;s=750x1000;https://frankfurt.apollo.olxcdn.com:443/v1/files/vr9px9q8o1ek-RO/image;s=750x1000;https://frankfurt.apollo.olxcdn.com:443/v1/files/yz51jxf89quu2-RO/image;s=751x1000,petrol,automatic,SUV,Unknown,Unknown,olx_jxhVl,2025-09-17T08:29:31.608694
Mercedes S63S Coupe 2017 Extra Full Variante Auto,59 990 €,59990.0,2017,149 000,https://www.olx.ro/d/oferta/mercedes-s63s-coupe-2017-extra-full-variante-auto-IDjMFtM.html,https://frankfurt.apollo.olxcdn.com:443/v1/files/ons8aulkmc413-RO/image;s=1000x750;https://frankfurt.apollo.olxcdn.com:443/v1/files/ytjmailteaao3-RO/image;s=1000x750;https://frankfurt.apollo.olxcdn.com:443/v1/files/wdrv05q622o22-RO/image;s=1000x750;https://frankfurt.apollo.olxcdn.com:443/v1/files/q9knwwxn7ica1-RO/image;s=1000x750;https://frankfurt.apollo.olxcdn.com:443/v1/files/rivinyc401na-RO/image;s=1000x1000,petrol,automatic,Coupe,Unknown,Unknown,olx_jMFtM,2025-09-17T08:29:38.869106
Mercedes Benz Gle Coupe,35 000 €,35000.0,2017,175 000,https://www.olx.ro/d/oferta/mercedes-benz-gle-coupe-IDjOByf.html,https://frankfurt.apollo.olxcdn.com:443/v1/files/2lovymd3mszx2-RO/image;s=750x1000;https://frankfurt.apollo.olxcdn.com:443/v1/files/e2lx51vip6bf1-RO/image;s=750x1000;https://frankfurt.apollo.olxcdn.com:443/v1/files/69yhfq8vjs3s2-RO/image;s=1000x750;https://frankfurt.apollo.olxcdn.com:443/v1/files/fer03rk8ltmk1-RO/image;s=750x1000;https://frankfurt.apollo.olxcdn.com:443/v1/files/cayzwyf138s31-RO/image;s=1000x750,diesel,automatic,SUV,Unknown,Unknown,olx_jOByf,2025-09-17T08:29:58.981401
Mercedes Benz A35 Amg 2019 4Matic 4X4 306 Cp Euro 6D Panoramic,"30 500 €
Prețul e negociabil",30500.0,2019,55 129,https://www.olx.ro/d/oferta/mercedes-benz-a35-amg-2019-4matic-4x4-306-cp-euro-6d-panoramic-IDjF864.html,https://frankfurt.apollo.olxcdn.com:443/v1/files/aiba9b75i4c53-RO/image;s=750x1000;https://frankfurt.apollo.olxcdn.com:443/v1/files/gli6p5oisik63-RO/image;s=3840x5120;https://frankfurt.apollo.olxcdn.com:443/v1/files/3nwzanaozlze1-RO/image;s=3840x5120;https://frankfurt.apollo.olxcdn.com:443/v1/files/93x953kr16d31-RO/image;s=4032x3024;https://frankfurt.apollo.olxcdn.com:443/v1/files/kzm9lxatesvu-RO/image;s=4032x3024,petrol,automatic,Hatchback,MG,Unknown,olx_jF864,2025-09-17T08:30:34.187413
Porsche Panamera 4S,"52 500 €
Prețul e negociabil",52500.0,2018,140 000,https://www.olx.ro/d/oferta/porsche-panamera-4s-IDjLcZp.html,https://frankfurt.apollo.olxcdn.com:443/v1/files/2ay1uolsznt62-RO/image;s=750x1000;https://frankfurt.apollo.olxcdn.com:443/v1/files/ftpu3iyyxtjm-RO/image;s=750x1000;https://frankfurt.apollo.olxcdn.com:443/v1/files/4dnvyjqjey2p-RO/image;s=750x1000;https://frankfurt.apollo.olxcdn.com:443/v1/files/dltwlv0mq01g2-RO/image;s=750x1000;https://frankfurt.apollo.olxcdn.com:443/v1/files/pnfalxtvflx5-RO/image;s=1320x973,diesel,automatic,Berlina,Porsche,Panamera,olx_jLcZp,2025-09-17T08:30:47.470000
Porsche Macan 140000 Km 2 0 Benzina Garantie,34 000 €,34000.0,2018,140 000,https://www.olx.ro/d/oferta/porsche-macan-140000-km-2-0-benzina-garantie-IDjOGqJ.html,https://frankfurt.apollo.olxcdn.com:443/v1/files/0cgoiea5lk7f1-RO/image;s=750x1000;https://frankfurt.apollo.olxcdn.com:443/v1/files/vhwrvjaxgvxo2-RO/image;s=750x1000;https://frankfurt.apollo.olxcdn.com:443/v1/files/n3zhmh59vuea3-RO/image;s=1000x750;https://frankfurt.apollo.olxcdn.com:443/v1/files/lt0vvzr2jv3r2-RO/image;s=750x1000;https://frankfurt.apollo.olxcdn.com:443/v1/files/1rlrp2fpc487-RO/image;s=750x1000,petrol,N/A,SUV,Porsche,Macan,olx_jOGqJ,2025-09-17T08:30:53.902897
